Accessibilità,Usabilità,Linee guida design PA,cittadinanza digitale ,linee guida 
Accesso ai dati,open data ,dati territoriali ,linee guida ,
Agenda Digitale,Agenda Digitale Europea,Crescita digitale,CAD,Italia Login
Agenda Digitale Europea,Agenda Digitale,Attività internazionali,,
ANPR,identità digitale ,Italia Login ,,
Appalti pre-commerciali,Cloud for Europe ,,,
Attività internazionali,agenda digitale europea ,OCSE,,
Banda ultralarga ,Crescita digitale ,Agenda digitale ,,
CAD,Agenda Digitale,piano triennale ,crescita digitale,
Riuso,CAD,developers,linee guida ,
ced,Data center,,,
CERT-PA,Sicurezza ICT,Linee guida    ,,
Cittadinanza Digitale,identità digitale,accessibilità,competenze digitali ,
Cloud ,open data ,Cloud for Europe,linee guida ,
Cloud for Europe,Cloud ,appalti pre-commerciali,,
Competenze digitali ,cittadinanza digitale ,Italia Login ,,
Conservazione,Documento informatico,Protocollo informatico ,Fatturazione elettronica,Linee guida 
Continuità Operativa,Disaster recovery,linee guida ,,
Crescita digitale ,Agenda digitale ,Banda ultralarga ,Italia Login ,OCSE
Data center ,ced,,,
Dati pubblici,interoperabilità,open data ,,
Dati territoriali,accesso ai dati ,,,
Dematerializzazione,Sanità digitale ,conservazione,Documento informatico,
Designers ,Developers,Linee guida design PA,usabilità,
Developers,Designers ,Linee guida design PA,,
Disaster recovery,Linee guida ,Continuità operativa,,
Documento informatico,Designers ,Conservazione ,protocollo informatico,
Domicilio digitale,identità digitale ,pec ,spid,
Dominio gov.it,Linee guida ,,,
e-procurement,monitoraggio,,,
eIDAS,identità digitale,ficep,spid ,firma digitale
Fascicolo sanitario elettronico,Sanità digitale ,interoperabilità,,
Fatturazione elettronica,Firma digitale ,PEC,identità digitale,
Ficep,eIDAS,,,
Firma digitale,PEC,Fatturazione elettronica,identità digitale,eidas
Formati aperti,,,,
Gestione documentale,Conservazione,CAD,,
Identità digitale,eidas,spid,cittadinanza digitale ,fatturazione elettronica
intelligenza artificiale ,Crescita digitale ,,,
interoperabilità,piano triennale ,dati pubblici ,Sistema Pubblico Connettività,fascicolo sanitario elettronico
Linee guida design PA,Usabilità,Accessibilità,designers ,Italia Login
Monitoraggio,e-procurement,,,
Open data,Dati territoriali,Accesso ai dati,Dati pubblici,Italia Login
pagamenti elettronici,identità digitale ,SPID,Italia Login ,Linee guida 
Pec,Firma digitale,Fatturazione elettronica ,identità digitale,
Piano triennale,interoperabilità,open data ,sicurezza ict,crescita digitale 
Protocollo informatico,conservazione ,documento informatico,,
Sanità digitale,Dematerializzazione ,Fascicolo sanitario elettronico,linee guida ,
Sicurezza ICT,Linee guida ,piano triennale ,CERT-PA,
Sistema pubblico di connettività,interoperabilità,RIPA,pagopa,linee guida 
SPID,Firma digitale,pagamenti elettronici,identità digitale ,Italia Login
Usabilità,accessibilità,Linee guida design PA,designers ,
XBRL,open data ,linee guida,,
